{
"Ingredients":

[
{"name" : "ALL PURPOSE FLOUR", "type" : "DRY", "measurementUnit" : "LB", "cost" : "2.24", "weight" : "160.0", "quantityOnHand" : "0.0", "lastUsedDate" : "null"},
{"name" : "BEEF BROTH", "type" : "WET", "measurementUnit" : "LB", "cost" : "2.99", "weight" : "160.0", "quantityOnHand" : "0.0", "lastUsedDate" : "null"},
{"name" : "BELL PEPPERS", "type" : "WET", "measurementUnit" : "LB", "cost" : "3.34", "weight" : "16.0", "quantityOnHand" : "0.0", "lastUsedDate" : "null"},
{"name" : "BLACK PEPPER", "type" : "DRY", "measurementUnit" : "LB", "cost" : "5.98", "weight" : "8.75", "quantityOnHand" : "0.0", "lastUsedDate" : "null"},
{"name" : "BROWN SUGAR", "type" : "DRY", "measurementUnit" : "LB", "cost" : "6.99", "weight" : "16.0", "quantityOnHand" : "0.0", "lastUsedDate" : "null"},
{"name" : "CANNED DICED TOMATOES", "type" : "DRY", "measurementUnit" : "LB", "cost" : "0.98", "weight" : "14.5", "quantityOnHand" : "0.0", "lastUsedDate" : "null"},
{"name" : "CANNED TOMATO PUREE", "type" : "DRY", "measurementUnit" : "LB", "cost" : "0.87", "weight" : "29.0", "quantityOnHand" : "0.0", "lastUsedDate" : "null"},
{"name" : "CAYENNE PEPPER", "type" : "DRY", "measurementUnit" : "LB", "cost" : "2.18", "weight" : "7.25", "quantityOnHand" : "0.0", "lastUsedDate" : "null"},
{"name" : "CELERY", "type" : "WET", "measurementUnit" : "LB", "cost" : "2.19", "weight" : "8.0", "quantityOnHand" : "0.0", "lastUsedDate" : "null"},
{"name" : "CRUMBLED BUTTERY CRACKERS", "type" : "DRY", "measurementUnit" : "LB", "cost" : "3.5", "weight" : "13.7", "quantityOnHand" : "0.0", "lastUsedDate" : "null"},
{"name" : "DRIED BASIL", "type" : "DRY", "measurementUnit" : "LB", "cost" : "6.99", "weight" : "16.0", "quantityOnHand" : "0.0", "lastUsedDate" : "null"},
{"name" : "DRY MUSTARD", "type" : "DRY", "measurementUnit" : "LB", "cost" : "3.97", "weight" : "1.6", "quantityOnHand" : "0.0", "lastUsedDate" : "null"},
{"name" : "ELBOW MACARONI", "type" : "DRY", "measurementUnit" : "LB", "cost" : "2.42", "weight" : "32.0", "quantityOnHand" : "0.0", "lastUsedDate" : "null"},
{"name" : "GARLIC CLOVES", "type" : "DRY", "measurementUnit" : "LB", "cost" : "11.98", "weight" : "48.0", "quantityOnHand" : "0.0", "lastUsedDate" : "null"},
{"name" : "GROUND BEEF", "type" : "DRY", "measurementUnit" : "LB", "cost" : "5.24", "weight" : "16.0", "quantityOnHand" : "0.0", "lastUsedDate" : "null"},
{"name" : "GROUND PORK", "type" : "DRY", "measurementUnit" : "LB", "cost" : "4.64", "weight" : "32.0", "quantityOnHand" : "0.0", "lastUsedDate" : "null"},
{"name" : "HAMBURGER BUNS", "type" : "DRY", "measurementUnit" : "LB", "cost" : "2.98", "weight" : "20.0", "quantityOnHand" : "0.0", "lastUsedDate" : "null"},
{"name" : "KETCHUP", "type" : "DRY", "measurementUnit" : "LB", "cost" : "2.99", "weight" : "32.0", "quantityOnHand" : "0.0", "lastUsedDate" : "null"},
{"name" : "MARGARINE", "type" : "WET", "measurementUnit" : "LB", "cost" : "1.57", "weight" : "16.0", "quantityOnHand" : "0.0", "lastUsedDate" : "null"},
{"name" : "MILK", "type" : "WET", "measurementUnit" : "LB", "cost" : "2.37", "weight" : "2.78", "quantityOnHand" : "0.0", "lastUsedDate" : "null"},
{"name" : "NUTMEG", "type" : "DRY", "measurementUnit" : "LB", "cost" : "5.94", "weight" : "1.8", "quantityOnHand" : "0.0", "lastUsedDate" : "null"},
{"name" : "ONIONS", "type" : "DRY", "measurementUnit" : "LB", "cost" : "1.94", "weight" : "48.0", "quantityOnHand" : "0.0", "lastUsedDate" : "null"},
{"name" : "OREGANO", "type" : "DRY", "measurementUnit" : "LB", "cost" : "8.99", "weight" : "16.0", "quantityOnHand" : "0.0", "lastUsedDate" : "null"},
{"name" : "PARSLEY", "type" : "DRY", "measurementUnit" : "LB", "cost" : "3.99", "weight" : "0.35", "quantityOnHand" : "0.0", "lastUsedDate" : "null"},
{"name" : "POTATOES", "type" : "DRY", "measurementUnit" : "LB", "cost" : "3.95", "weight" : "80.0", "quantityOnHand" : "0.0", "lastUsedDate" : "null"},
{"name" : "RED WINE", "type" : "WET", "measurementUnit" : "LB", "cost" : "2.18", "weight" : "13.1", "quantityOnHand" : "0.0", "lastUsedDate" : "null"},
{"name" : "SEASONED BREAD CRUMBS", "type" : "DRY", "measurementUnit" : "LB", "cost" : "4.5", "weight" : "24.0", "quantityOnHand" : "0.0", "lastUsedDate" : "null"},
{"name" : "SHREDDED COBLY CHEESE", "type" : "WET", "measurementUnit" : "LB", "cost" : "2.77", "weight" : "16.0", "quantityOnHand" : "0.0", "lastUsedDate" : "null"},
{"name" : "SHREDDED MOZZARELLA CHEESE", "type" : "WET", "measurementUnit" : "LB", "cost" : "5.34", "weight" : "80.0", "quantityOnHand" : "0.0", "lastUsedDate" : "null"},
{"name" : "SHREDDED SHARP CHEDDAR CHEESE", "type" : "WET", "measurementUnit" : "LB", "cost" : "2.77", "weight" : "16.0", "quantityOnHand" : "0.0", "lastUsedDate" : "null"},
{"name" : "SOFT BREAD CRUMBS", "type" : "DRY", "measurementUnit" : "LB", "cost" : "1.59", "weight" : "15.0", "quantityOnHand" : "0.0", "lastUsedDate" : "null"},
{"name" : "SPICY BROWN MUSTARD", "type" : "WET", "measurementUnit" : "LB", "cost" : "1.49", "weight" : "12.0", "quantityOnHand" : "0.0", "lastUsedDate" : "null"},
{"name" : "TOMATO PASTE", "type" : "WET", "measurementUnit" : "LB", "cost" : "0.95", "weight" : "6.0", "quantityOnHand" : "0.0", "lastUsedDate" : "null"},
{"name" : "TOMATO SAUCE", "type" : "WET", "measurementUnit" : "LB", "cost" : "0.93", "weight" : "15.0", "quantityOnHand" : "0.0", "lastUsedDate" : "null"},
{"name" : "VINEGAR", "type" : "WET", "measurementUnit" : "LB", "cost" : "4.0", "weight" : "64.0", "quantityOnHand" : "0.0", "lastUsedDate" : "null"},
{"name" : "WATER", "type" : "WET", "measurementUnit" : "LB", "cost" : "0.0", "weight" : "0.0", "quantityOnHand" : "0.0", "lastUsedDate" : "null"},
{"name" : "WHITE PEPPER", "type" : "DRY", "measurementUnit" : "LB", "cost" : "4.94", "weight" : "1.75", "quantityOnHand" : "0.0", "lastUsedDate" : "null"},
{"name" : "WORCESTERSHIRE SAUCE", "type" : "WET", "measurementUnit" : "LB", "cost" : "2.83", "weight" : "5.0", "quantityOnHand" : "0.0", "lastUsedDate" : "null"},
{"name" : "ZITI PASTA", "type" : "DRY", "measurementUnit" : "LB", "cost" : "1.61", "weight" : "16.0", "quantityOnHand" : "0.0", "lastUsedDate" : "null"},
{"name" : "BEEF STEAK", "type" : "Dry", "measurementUnit" : "lb", "cost" : "5.7", "weight" : "2.0", "quantityOnHand" : "0.5", "lastUsedDate" : "null"},
{"name" : "SALT", "type" : "DRY", "measurementUnit" : "Changed Names", "cost" : "0.89", "weight" : "26.0", "quantityOnHand" : "0.0", "lastUsedDate" : "null"}


]
}