{

"Ingredients":[
{"name" : "ALL PURPOSE FLOUR", "type" : "DRY", "cost" : "2.24", "weight" : "160.0", "onHand" : "320.0"},
{"name" : "BEEF BROTH", "type" : "WET", "cost" : "2.99", "weight" : "160.0", "onHand" : "320.0"},
{"name" : "BELL PEPPERS", "type" : "WET", "cost" : "3.34", "weight" : "16.0", "onHand" : "16.0"},
{"name" : "BLACK PEPPER", "type" : "DRY", "cost" : "5.98", "weight" : "8.75", "onHand" : "8.75"},
{"name" : "BROWN SUGAR", "type" : "DRY", "cost" : "6.99", "weight" : "16.0", "onHand" : "48.0"},
{"name" : "BUTTER", "type" : "WET", "cost" : "3.97", "weight" : "16.0", "onHand" : "96.0"},
{"name" : "CANNED DICED TOMATOES", "type" : "DRY", "cost" : "0.98", "weight" : "14.5", "onHand" : "145.0"},
{"name" : "CANNED TOMATO PUREE", "type" : "DRY", "cost" : "0.87", "weight" : "29.0", "onHand" : "232.0"},
{"name" : "CAYENNE PEPPER", "type" : "DRY", "cost" : "2.18", "weight" : "7.25", "onHand" : "7.0"},
{"name" : "CELERY", "type" : "WET", "cost" : "2.19", "weight" : "8.0", "onHand" : "16.0"},
{"name" : "CRUMBLED BUTTERY CRACKERS", "type" : "DRY", "cost" : "3.5", "weight" : "13.7", "onHand" : "30.0"},
{"name" : "DRIED BASIL", "type" : "DRY", "cost" : "6.99", "weight" : "16.0", "onHand" : "4.0"},
{"name" : "DRY MUSTARD", "type" : "DRY", "cost" : "3.97", "weight" : "1.6", "onHand" : "10.0"},
{"name" : "ELBOW MACARONI", "type" : "DRY", "cost" : "2.42", "weight" : "32.0", "onHand" : "96.0"},
{"name" : "GARLIC CLOVES", "type" : "DRY", "cost" : "11.98", "weight" : "48.0", "onHand" : "16.0"},
{"name" : "GROUND BEEF", "type" : "DRY", "cost" : "5.24", "weight" : "16.0", "onHand" : "48.0"},
{"name" : "GROUND PORK", "type" : "DRY", "cost" : "4.64", "weight" : "32.0", "onHand" : "64.0"},
{"name" : "HAMBURGER BUNS", "type" : "DRY", "cost" : "2.98", "weight" : "20.0", "onHand" : "200.0"},
{"name" : "KETCHUP", "type" : "DRY", "cost" : "2.99", "weight" : "32.0", "onHand" : "64.0"},
{"name" : "MARGARINE", "type" : "WET", "cost" : "1.57", "weight" : "16.0", "onHand" : "80.0"},
{"name" : "MILK", "type" : "WET", "cost" : "2.37", "weight" : "2.78", "onHand" : "11.12"},
{"name" : "NUTMEG", "type" : "DRY", "cost" : "5.94", "weight" : "1.8", "onHand" : "3.0"},
{"name" : "ONIONS", "type" : "DRY", "cost" : "1.94", "weight" : "48.0", "onHand" : "48.0"},
{"name" : "OREGANO", "type" : "DRY", "cost" : "8.99", "weight" : "16.0", "onHand" : "4.0"},
{"name" : "PARSLEY", "type" : "DRY", "cost" : "3.99", "weight" : "0.35", "onHand" : "1.0"},
{"name" : "POTATOES", "type" : "DRY", "cost" : "3.95", "weight" : "80.0", "onHand" : "240.0"},
{"name" : "RED WINE", "type" : "WET", "cost" : "2.18", "weight" : "13.1", "onHand" : "13.1"},
{"name" : "SALT", "type" : "DRY", "cost" : "0.89", "weight" : "26.0", "onHand" : "26.0"},
{"name" : "SEASONED BREAD CRUMBS", "type" : "DRY", "cost" : "4.5", "weight" : "24.0", "onHand" : "48.0"},
{"name" : "SHREDDED COBLY CHEESE", "type" : "WET", "cost" : "2.77", "weight" : "16.0", "onHand" : "32.0"},
{"name" : "SHREDDED MOZZARELLA CHEESE", "type" : "WET", "cost" : "5.34", "weight" : "80.0", "onHand" : "80.0"},
{"name" : "SHREDDED SHARP CHEDDAR CHEESE", "type" : "WET", "cost" : "2.77", "weight" : "16.0", "onHand" : "32.0"},
{"name" : "SOFT BREAD CRUMBS", "type" : "DRY", "cost" : "1.59", "weight" : "15.0", "onHand" : "30.0"},
{"name" : "SPICY BROWN MUSTARD", "type" : "WET", "cost" : "1.49", "weight" : "12.0", "onHand" : "24.0"},
{"name" : "TOMATO PASTE", "type" : "WET", "cost" : "0.95", "weight" : "6.0", "onHand" : "36.0"},
{"name" : "TOMATO SAUCE", "type" : "WET", "cost" : "0.93", "weight" : "15.0", "onHand" : "45.0"},
{"name" : "VINEGAR", "type" : "WET", "cost" : "4.0", "weight" : "64.0", "onHand" : "64.0"},
{"name" : "WATER", "type" : "WET", "cost" : "0.0", "weight" : "0.0", "onHand" : "0.0"},
{"name" : "WHITE PEPPER", "type" : "DRY", "cost" : "4.94", "weight" : "1.75", "onHand" : "1.75"},
{"name" : "WORCESTERSHIRE SAUCE", "type" : "WET", "cost" : "2.83", "weight" : "5.0", "onHand" : "20.0"},
{"name" : "ZITI PASTA", "type" : "DRY", "cost" : "1.61", "weight" : "16.0", "onHand" : "32.0"}


]
}